age_KF,KF,id,FID,mother_ID,father_ID,Sex,Diag_var,Diagnostic variant,Free text notes,numeric_part,optradio,Diag_var_type,Diagnostic_variant
64,Y,GOI_001,ABC_123,GOI_003,GOI_002,Female,Splicing,NM_001009944.3:c.12445-1G>A,some note here,1.0,,,
21,N,GOI_002,ABC_123,0,0,Male,Splicing,NM_001009944.3:c.12445-1G>A,,2.0,,,
56,N,GOI_003,ABC_123,0,0,Female,Splicing,NM_001009944.3:c.12445-1G>A,another note,3.0,,,
42,N,GOI_004,ABC_123,GOI_003,GOI_002,Male,Splicing,NM_001009944.3:c.12445-1G>A,,4.0,,,
80,Y,GOI_005,ABC_123,0,0,Female,Splicing,NM_001009944.3:c.12445-1G>A,,5.0,,,
65,Y,GOI_006,ABC_123,0,0,Male,Splicing,NM_001009944.3:c.12445-1G>A,,6.0,,,
22,N,GOI_007,ABC_456,0,0,Female,PKD1,NM_001009944.3:c.9425T>C:p.(Leu3142Pro),,7.0,,,
57,N,GOI_008,ABC_456,0,0,Male,PKD1,NM_001009944.3:c.9425T>C:p.(Leu3142Pro),,8.0,,,
43,N,GOI_009,ABC_456,0,0,Female,PKD1,NM_001009944.3:c.9425T>C:p.(Leu3142Pro),,9.0,,,
81,Y,GOI_010,ABC_456,0,0,Male,PKD1,NM_001009944.3:c.9425T>C:p.(Leu3142Pro),,10.0,,,
,,GOI_11,,,,,,,,11.0,on,,
,,GOI_12,,,,on,,,,12.0,,,
,,GOI_13,,,,Male,,,,,,,
